;name;filename;success;BestEnergy
0;118;ligands/118.pdbqt;True;-6.2
1;692;ligands/692.pdbqt;True;-7.5
2;494;ligands/494.pdbqt;True;-5.3
3;518;ligands/518.pdbqt;True;-6.1
4;42;ligands/42.pdbqt;True;-7.7
5;229;ligands/229.pdbqt;True;-6.4
6;134;ligands/134.pdbqt;True;-9.7
7;79;ligands/79.pdbqt;True;-6.7
8;95;ligands/95.pdbqt;True;-6.5
9;165;ligands/165.pdbqt;True;-6.2
10;331;ligands/331.pdbqt;True;-4.7
11;335;ligands/335.pdbqt;True;-6.2
12;84;ligands/84.pdbqt;True;-4.4
13;74;ligands/74.pdbqt;True;-5.3
14;191;ligands/191.pdbqt;True;-6.0
15;493;ligands/493.pdbqt;True;-4.6
16;366;ligands/366.pdbqt;True;-5.8
17;645;ligands/645.pdbqt;True;-6.7
18;251;ligands/251.pdbqt;True;-6.2
19;447;ligands/447.pdbqt;True;-6.3
20;36;ligands/36.pdbqt;True;-5.6
21;318;ligands/318.pdbqt;True;-4.8
22;184;ligands/184.pdbqt;True;-5.9
23;549;ligands/549.pdbqt;True;-6.6
24;642;ligands/642.pdbqt;False;
25;661;ligands/661.pdbqt;True;-4.8
26;497;ligands/497.pdbqt;True;-5.7
27;789;ligands/789.pdbqt;True;-5.4
28;141;ligands/141.pdbqt;True;-8.2
29;678;ligands/678.pdbqt;True;-5.5
30;573;ligands/573.pdbqt;True;-4.9
31;357;ligands/357.pdbqt;True;-4.7
32;850;ligands/850.pdbqt;True;-5.4
33;137;ligands/137.pdbqt;True;-7.0
34;816;ligands/816.pdbqt;True;-6.9
35;651;ligands/651.pdbqt;True;-5.2
36;431;ligands/431.pdbqt;True;-7.8
37;556;ligands/556.pdbqt;True;-6.1
38;81;ligands/81.pdbqt;True;-5.6
39;413;ligands/413.pdbqt;True;-7.7
40;380;ligands/380.pdbqt;True;-6.8
41;627;ligands/627.pdbqt;True;-6.9
42;254;ligands/254.pdbqt;True;-7.5
43;456;ligands/456.pdbqt;True;-6.7
44;759;ligands/759.pdbqt;True;-8.0
45;402;ligands/402.pdbqt;False;
46;384;ligands/384.pdbqt;True;-5.8
47;776;ligands/776.pdbqt;True;-7.5
48;468;ligands/468.pdbqt;True;-6.9
49;268;ligands/268.pdbqt;True;-6.0
50;340;ligands/340.pdbqt;True;-6.0
51;9;ligands/9.pdbqt;True;-6.8
52;48;ligands/48.pdbqt;True;-6.0
53;217;ligands/217.pdbqt;True;-6.3
54;64;ligands/64.pdbqt;True;-7.5
55;24;ligands/24.pdbqt;True;-6.5
56;248;ligands/248.pdbqt;True;-4.7
57;817;ligands/817.pdbqt;True;-6.0
58;157;ligands/157.pdbqt;True;-5.4
59;708;ligands/708.pdbqt;False;
60;169;ligands/169.pdbqt;True;-6.0
61;417;ligands/417.pdbqt;True;-5.6
62;51;ligands/51.pdbqt;True;-6.3
63;740;ligands/740.pdbqt;True;-6.7
64;426;ligands/426.pdbqt;True;-6.4
65;479;ligands/479.pdbqt;True;-5.0
66;32;ligands/32.pdbqt;True;-6.2
67;544;ligands/544.pdbqt;True;-5.6
68;44;ligands/44.pdbqt;True;-7.8
69;454;ligands/454.pdbqt;True;-5.9
70;319;ligands/319.pdbqt;True;-8.0
71;734;ligands/734.pdbqt;True;-4.6
72;657;ligands/657.pdbqt;False;
73;538;ligands/538.pdbqt;False;
74;163;ligands/163.pdbqt;True;-5.7
75;684;ligands/684.pdbqt;True;-5.5
76;258;ligands/258.pdbqt;True;-6.0
77;806;ligands/806.pdbqt;True;-6.9
78;664;ligands/664.pdbqt;True;-6.3
79;512;ligands/512.pdbqt;True;-4.5
80;756;ligands/756.pdbqt;True;-6.6
81;594;ligands/594.pdbqt;True;-6.2
82;25;ligands/25.pdbqt;True;-6.5
83;294;ligands/294.pdbqt;True;-6.1
84;397;ligands/397.pdbqt;True;-4.7
85;534;ligands/534.pdbqt;True;-6.6
86;787;ligands/787.pdbqt;False;
87;355;ligands/355.pdbqt;True;-5.9
88;595;ligands/595.pdbqt;True;-6.2
89;369;ligands/369.pdbqt;True;-6.1
90;394;ligands/394.pdbqt;True;-5.0
91;503;ligands/503.pdbqt;True;-7.2
92;358;ligands/358.pdbqt;True;-6.5
93;523;ligands/523.pdbqt;True;-5.9
94;370;ligands/370.pdbqt;True;-6.4
95;47;ligands/47.pdbqt;True;-5.7
96;605;ligands/605.pdbqt;True;-6.1
97;182;ligands/182.pdbqt;True;-6.6
98;189;ligands/189.pdbqt;True;-5.2
99;75;ligands/75.pdbqt;True;-5.7
100;127;ligands/127.pdbqt;True;-6.7
101;698;ligands/698.pdbqt;True;-6.2
102;829;ligands/829.pdbqt;True;-6.5
103;647;ligands/647.pdbqt;True;-6.7
104;416;ligands/416.pdbqt;False;
105;706;ligands/706.pdbqt;True;-4.4
106;693;ligands/693.pdbqt;False;
107;349;ligands/349.pdbqt;True;-4.6
108;457;ligands/457.pdbqt;True;-5.7
109;519;ligands/519.pdbqt;True;-5.7
110;751;ligands/751.pdbqt;True;-7.4
111;736;ligands/736.pdbqt;True;-7.6
112;808;ligands/808.pdbqt;True;-5.3
113;94;ligands/94.pdbqt;True;-6.8
114;409;ligands/409.pdbqt;True;-8.7
115;844;ligands/844.pdbqt;True;-6.8
116;52;ligands/52.pdbqt;True;-5.7
117;425;ligands/425.pdbqt;True;-6.1
118;109;ligands/109.pdbqt;True;-6.0
119;702;ligands/702.pdbqt;True;-5.5
120;295;ligands/295.pdbqt;False;
121;345;ligands/345.pdbqt;True;-5.8
122;735;ligands/735.pdbqt;True;-5.7
123;133;ligands/133.pdbqt;True;-6.8
124;27;ligands/27.pdbqt;True;-6.7
125;28;ligands/28.pdbqt;True;-6.5
126;360;ligands/360.pdbqt;True;-6.6
127;585;ligands/585.pdbqt;True;-7.0
128;471;ligands/471.pdbqt;False;
129;760;ligands/760.pdbqt;True;-5.8
130;113;ligands/113.pdbqt;True;-5.0
131;590;ligands/590.pdbqt;True;-7.0
132;237;ligands/237.pdbqt;True;-5.1
133;131;ligands/131.pdbqt;True;-6.6
134;841;ligands/841.pdbqt;True;-7.3
135;69;ligands/69.pdbqt;True;-5.9
136;762;ligands/762.pdbqt;True;-7.0
137;583;ligands/583.pdbqt;True;-4.7
138;419;ligands/419.pdbqt;True;-6.4
139;330;ligands/330.pdbqt;True;-7.5
140;12;ligands/12.pdbqt;True;-6.8
141;379;ligands/379.pdbqt;True;-5.6
142;562;ligands/562.pdbqt;True;-6.0
143;275;ligands/275.pdbqt;True;-5.8
144;412;ligands/412.pdbqt;True;-5.8
145;620;ligands/620.pdbqt;True;-5.3
146;395;ligands/395.pdbqt;True;-5.2
147;704;ligands/704.pdbqt;True;-6.4
148;840;ligands/840.pdbqt;True;-8.3
149;236;ligands/236.pdbqt;True;-6.8
150;269;ligands/269.pdbqt;True;-7.1
151;516;ligands/516.pdbqt;True;-4.5
152;622;ligands/622.pdbqt;True;-7.5
153;192;ligands/192.pdbqt;True;-5.4
154;845;ligands/845.pdbqt;True;-5.7
155;477;ligands/477.pdbqt;True;-6.7
156;767;ligands/767.pdbqt;True;-5.8
157;116;ligands/116.pdbqt;True;-4.5
158;418;ligands/418.pdbqt;True;-7.1
159;312;ligands/312.pdbqt;True;-8.0
160;833;ligands/833.pdbqt;True;-4.5
161;686;ligands/686.pdbqt;True;-6.0
162;603;ligands/603.pdbqt;True;-7.3
163;10;ligands/10.pdbqt;True;-6.6
164;301;ligands/301.pdbqt;True;-8.4
165;332;ligands/332.pdbqt;True;-8.0
166;788;ligands/788.pdbqt;False;
167;150;ligands/150.pdbqt;True;-7.3
168;442;ligands/442.pdbqt;True;-6.6
169;197;ligands/197.pdbqt;True;-5.2
170;162;ligands/162.pdbqt;True;-5.8
171;266;ligands/266.pdbqt;True;-4.9
172;49;ligands/49.pdbqt;True;-6.1
173;631;ligands/631.pdbqt;True;-5.3
174;509;ligands/509.pdbqt;True;-6.3
175;663;ligands/663.pdbqt;True;-6.5
176;520;ligands/520.pdbqt;True;-5.3
177;111;ligands/111.pdbqt;True;-6.8
178;221;ligands/221.pdbqt;True;-7.7
179;586;ligands/586.pdbqt;True;-7.9
180;54;ligands/54.pdbqt;True;-5.7
181;811;ligands/811.pdbqt;True;-5.6
182;517;ligands/517.pdbqt;True;-5.5
183;441;ligands/441.pdbqt;True;-6.2
184;837;ligands/837.pdbqt;True;-7.8
185;822;ligands/822.pdbqt;True;-6.1
186;343;ligands/343.pdbqt;True;-5.6
187;128;ligands/128.pdbqt;True;-7.2
188;198;ligands/198.pdbqt;True;-5.5
189;110;ligands/110.pdbqt;True;-5.4
190;215;ligands/215.pdbqt;False;
191;748;ligands/748.pdbqt;True;-7.5
192;106;ligands/106.pdbqt;True;-7.2
193;206;ligands/206.pdbqt;True;-7.1
194;772;ligands/772.pdbqt;True;-5.5
195;23;ligands/23.pdbqt;True;-5.2
196;256;ligands/256.pdbqt;True;-6.1
197;202;ligands/202.pdbqt;True;-6.6
198;639;ligands/639.pdbqt;True;-6.0
199;267;ligands/267.pdbqt;True;-6.1
200;348;ligands/348.pdbqt;True;-5.1
201;507;ligands/507.pdbqt;True;-6.8
202;665;ligands/665.pdbqt;True;-7.3
203;553;ligands/553.pdbqt;False;
204;53;ligands/53.pdbqt;True;-6.7
205;805;ligands/805.pdbqt;False;
206;123;ligands/123.pdbqt;True;-5.2
207;615;ligands/615.pdbqt;True;-4.7
208;754;ligands/754.pdbqt;True;-7.2
209;6;ligands/6.pdbqt;True;-5.5
210;175;ligands/175.pdbqt;True;-6.0
211;400;ligands/400.pdbqt;True;-8.4
212;234;ligands/234.pdbqt;True;-6.5
213;326;ligands/326.pdbqt;True;-6.3
214;420;ligands/420.pdbqt;True;-8.1
215;695;ligands/695.pdbqt;True;-6.1
216;750;ligands/750.pdbqt;True;-4.9
217;224;ligands/224.pdbqt;True;-6.3
218;784;ligands/784.pdbqt;True;-7.1
219;778;ligands/778.pdbqt;True;-6.8
220;161;ligands/161.pdbqt;True;-7.5
221;299;ligands/299.pdbqt;False;
222;638;ligands/638.pdbqt;True;-4.8
223;293;ligands/293.pdbqt;True;-7.0
224;511;ligands/511.pdbqt;False;
225;450;ligands/450.pdbqt;True;-7.1
226;619;ligands/619.pdbqt;True;-7.7
227;798;ligands/798.pdbqt;True;-6.8
228;46;ligands/46.pdbqt;True;-5.1
229;439;ligands/439.pdbqt;True;-4.5
230;643;ligands/643.pdbqt;False;
231;563;ligands/563.pdbqt;False;
232;551;ligands/551.pdbqt;True;-6.4
233;160;ligands/160.pdbqt;True;-6.5
234;323;ligands/323.pdbqt;True;-5.7
235;814;ligands/814.pdbqt;True;-6.3
236;14;ligands/14.pdbqt;True;-7.4
237;213;ligands/213.pdbqt;True;-7.2
238;296;ligands/296.pdbqt;True;-6.3
239;263;ligands/263.pdbqt;True;-5.9
240;675;ligands/675.pdbqt;True;-6.0
241;391;ligands/391.pdbqt;True;-7.0
242;252;ligands/252.pdbqt;True;-7.9
243;302;ligands/302.pdbqt;True;-7.3
244;721;ligands/721.pdbqt;True;-6.6
245;466;ligands/466.pdbqt;True;-4.1
246;580;ligands/580.pdbqt;True;-6.6
247;621;ligands/621.pdbqt;True;-5.4
248;152;ligands/152.pdbqt;True;-6.5
249;758;ligands/758.pdbqt;True;-6.6
250;559;ligands/559.pdbqt;True;-4.8
251;151;ligands/151.pdbqt;True;-7.2
252;230;ligands/230.pdbqt;True;-7.2
253;185;ligands/185.pdbqt;True;-6.0
254;322;ligands/322.pdbqt;True;-5.6
255;435;ligands/435.pdbqt;True;-7.6
256;187;ligands/187.pdbqt;True;-6.0
257;705;ligands/705.pdbqt;True;-6.5
258;320;ligands/320.pdbqt;True;-6.1
259;166;ligands/166.pdbqt;True;-5.9
260;233;ligands/233.pdbqt;True;-7.7
261;616;ligands/616.pdbqt;True;-4.3
262;554;ligands/554.pdbqt;True;-5.2
263;200;ligands/200.pdbqt;True;-5.6
264;228;ligands/228.pdbqt;True;-6.7
265;61;ligands/61.pdbqt;True;-5.2
266;241;ligands/241.pdbqt;True;-5.6
267;86;ligands/86.pdbqt;True;-5.9
268;438;ligands/438.pdbqt;True;-9.1
269;568;ligands/568.pdbqt;True;-5.8
270;849;ligands/849.pdbqt;True;-6.3
271;372;ligands/372.pdbqt;True;-5.4
272;783;ligands/783.pdbqt;True;-6.1
273;368;ligands/368.pdbqt;True;-6.5
274;652;ligands/652.pdbqt;True;-5.9
275;218;ligands/218.pdbqt;True;-6.7
276;381;ligands/381.pdbqt;True;-6.7
277;385;ligands/385.pdbqt;True;-5.3
278;432;ligands/432.pdbqt;True;-6.9
279;65;ligands/65.pdbqt;True;-5.9
280;303;ligands/303.pdbqt;True;-5.4
281;247;ligands/247.pdbqt;True;-6.1
282;476;ligands/476.pdbqt;True;-6.6
283;278;ligands/278.pdbqt;True;-6.5
284;145;ligands/145.pdbqt;True;-5.3
285;819;ligands/819.pdbqt;True;-5.8
286;502;ligands/502.pdbqt;True;-6.3
287;223;ligands/223.pdbqt;True;-6.5
288;572;ligands/572.pdbqt;True;-8.3
289;105;ligands/105.pdbqt;True;-6.9
290;203;ligands/203.pdbqt;True;-6.5
291;308;ligands/308.pdbqt;True;-6.7
292;625;ligands/625.pdbqt;True;-5.5
293;5;ligands/5.pdbqt;True;-6.0
294;713;ligands/713.pdbqt;True;-5.9
295;535;ligands/535.pdbqt;True;-6.8
296;399;ligands/399.pdbqt;True;-6.4
297;564;ligands/564.pdbqt;True;-4.9
298;445;ligands/445.pdbqt;True;-5.9
299;190;ligands/190.pdbqt;True;-5.4
300;424;ligands/424.pdbqt;True;-8.2
301;262;ligands/262.pdbqt;True;-6.4
302;737;ligands/737.pdbqt;True;-5.5
303;539;ligands/539.pdbqt;False;
304;31;ligands/31.pdbqt;True;-7.0
305;7;ligands/7.pdbqt;True;-5.7
306;680;ligands/680.pdbqt;True;-6.5
307;333;ligands/333.pdbqt;True;-9.4
308;188;ligands/188.pdbqt;True;-4.6
309;339;ligands/339.pdbqt;True;-7.0
310;690;ligands/690.pdbqt;True;-7.2
311;2;ligands/2.pdbqt;True;-6.3
312;505;ligands/505.pdbqt;True;-7.0
313;688;ligands/688.pdbqt;True;-7.7
314;396;ligands/396.pdbqt;True;-6.6
315;470;ligands/470.pdbqt;True;-5.4
316;478;ligands/478.pdbqt;True;-5.2
317;747;ligands/747.pdbqt;True;-6.7
318;29;ligands/29.pdbqt;True;-6.0
319;724;ligands/724.pdbqt;True;-6.2
320;429;ligands/429.pdbqt;True;-5.9
321;719;ligands/719.pdbqt;True;-7.0
322;566;ligands/566.pdbqt;True;-5.7
323;626;ligands/626.pdbqt;True;-7.0
324;649;ligands/649.pdbqt;True;-6.5
325;373;ligands/373.pdbqt;True;-6.6
326;239;ligands/239.pdbqt;True;-4.7
327;377;ligands/377.pdbqt;True;-6.6
328;33;ligands/33.pdbqt;True;-5.0
329;598;ligands/598.pdbqt;True;-3.9
330;670;ligands/670.pdbqt;True;-6.5
331;714;ligands/714.pdbqt;True;-6.8
332;437;ligands/437.pdbqt;True;-5.8
333;170;ligands/170.pdbqt;True;-6.2
334;662;ligands/662.pdbqt;True;-6.5
335;292;ligands/292.pdbqt;True;-5.2
336;668;ligands/668.pdbqt;True;-6.7
337;238;ligands/238.pdbqt;True;-5.2
338;80;ligands/80.pdbqt;True;-6.3
339;353;ligands/353.pdbqt;True;-7.5
340;578;ligands/578.pdbqt;True;-6.9
341;658;ligands/658.pdbqt;True;-6.1
342;624;ligands/624.pdbqt;True;-6.1
343;440;ligands/440.pdbqt;True;-5.4
344;149;ligands/149.pdbqt;True;-6.3
345;485;ligands/485.pdbqt;True;-7.1
346;130;ligands/130.pdbqt;True;-5.1
347;723;ligands/723.pdbqt;True;-6.3
348;602;ligands/602.pdbqt;True;-7.7
349;45;ligands/45.pdbqt;True;-5.9
350;374;ligands/374.pdbqt;True;-6.7
351;569;ligands/569.pdbqt;True;-7.7
352;168;ligands/168.pdbqt;True;-5.4
353;768;ligands/768.pdbqt;True;-7.5
354;231;ligands/231.pdbqt;True;-4.9
355;791;ligands/791.pdbqt;False;
356;276;ligands/276.pdbqt;True;-7.0
357;461;ligands/461.pdbqt;True;-6.0
358;314;ligands/314.pdbqt;True;-6.6
359;209;ligands/209.pdbqt;True;-6.8
360;522;ligands/522.pdbqt;True;-5.9
361;679;ligands/679.pdbqt;True;-8.4
362;56;ligands/56.pdbqt;True;-5.9
363;405;ligands/405.pdbqt;True;-6.7
364;279;ligands/279.pdbqt;True;-9.2
365;699;ligands/699.pdbqt;True;-6.3
366;764;ligands/764.pdbqt;True;-6.1
367;537;ligands/537.pdbqt;False;
368;63;ligands/63.pdbqt;True;-5.7
369;697;ligands/697.pdbqt;False;
370;717;ligands/717.pdbqt;True;-6.9
371;567;ligands/567.pdbqt;True;-5.3
372;77;ligands/77.pdbqt;True;-7.0
373;729;ligands/729.pdbqt;True;-5.2
374;687;ligands/687.pdbqt;True;-8.1
375;673;ligands/673.pdbqt;True;-5.7
376;119;ligands/119.pdbqt;True;-5.4
377;795;ligands/795.pdbqt;True;-7.2
378;543;ligands/543.pdbqt;True;-6.5
379;474;ligands/474.pdbqt;True;-7.9
380;172;ligands/172.pdbqt;True;-4.7
381;656;ligands/656.pdbqt;True;-6.2
382;813;ligands/813.pdbqt;True;-5.5
383;847;ligands/847.pdbqt;True;-6.4
384;317;ligands/317.pdbqt;True;-6.6
385;60;ligands/60.pdbqt;True;-6.5
386;250;ligands/250.pdbqt;True;-7.1
387;277;ligands/277.pdbqt;True;-6.2
388;820;ligands/820.pdbqt;True;-7.5
389;8;ligands/8.pdbqt;True;-5.6
390;132;ligands/132.pdbqt;True;-5.8
391;827;ligands/827.pdbqt;True;-8.6
392;401;ligands/401.pdbqt;True;-5.6
393;204;ligands/204.pdbqt;True;-5.6
394;207;ligands/207.pdbqt;True;-5.4
395;689;ligands/689.pdbqt;True;-6.3
396;15;ligands/15.pdbqt;True;-3.6
397;604;ligands/604.pdbqt;True;-8.0
398;304;ligands/304.pdbqt;True;-6.9
399;354;ligands/354.pdbqt;True;-5.9
400;696;ligands/696.pdbqt;True;-9.4
401;126;ligands/126.pdbqt;True;-5.3
402;492;ligands/492.pdbqt;True;-6.2
403;78;ligands/78.pdbqt;True;-5.2
404;362;ligands/362.pdbqt;True;-4.0
405;365;ligands/365.pdbqt;True;-6.3
406;484;ligands/484.pdbqt;True;-7.7
407;259;ligands/259.pdbqt;True;-6.5
408;410;ligands/410.pdbqt;True;-6.8
409;337;ligands/337.pdbqt;True;-7.6
410;775;ligands/775.pdbqt;True;-7.0
411;18;ligands/18.pdbqt;True;-5.6
412;465;ligands/465.pdbqt;True;-6.0
413;495;ligands/495.pdbqt;True;-6.4
414;610;ligands/610.pdbqt;True;-7.2
415;58;ligands/58.pdbqt;True;-6.1
416;167;ligands/167.pdbqt;True;-5.9
417;427;ligands/427.pdbqt;True;-6.1
418;72;ligands/72.pdbqt;True;-5.8
419;700;ligands/700.pdbqt;True;-5.2
420;41;ligands/41.pdbqt;True;-6.0
421;843;ligands/843.pdbqt;True;-7.3
422;159;ligands/159.pdbqt;True;-4.6
423;499;ligands/499.pdbqt;True;-6.3
424;305;ligands/305.pdbqt;True;-6.7
425;443;ligands/443.pdbqt;True;-7.0
426;526;ligands/526.pdbqt;True;-6.7
427;732;ligands/732.pdbqt;False;
428;635;ligands/635.pdbqt;True;-6.4
429;483;ligands/483.pdbqt;True;-5.7
430;491;ligands/491.pdbqt;True;-5.5
431;682;ligands/682.pdbqt;True;-6.4
432;467;ligands/467.pdbqt;True;-5.2
433;469;ligands/469.pdbqt;True;-9.1
434;648;ligands/648.pdbqt;True;-5.3
435;243;ligands/243.pdbqt;True;-5.6
436;181;ligands/181.pdbqt;True;-6.0
437;482;ligands/482.pdbqt;True;-6.2
438;766;ligands/766.pdbqt;True;-7.3
439;545;ligands/545.pdbqt;True;-6.5
440;830;ligands/830.pdbqt;True;-6.1
441;707;ligands/707.pdbqt;False;
442;313;ligands/313.pdbqt;True;-7.6
443;839;ligands/839.pdbqt;True;-7.3
444;818;ligands/818.pdbqt;True;-6.4
445;835;ligands/835.pdbqt;True;-6.2
446;592;ligands/592.pdbqt;True;-6.8
447;115;ligands/115.pdbqt;True;-5.6
448;260;ligands/260.pdbqt;True;-7.4
449;773;ligands/773.pdbqt;True;-6.5
450;155;ligands/155.pdbqt;False;
451;120;ligands/120.pdbqt;True;-5.3
452;382;ligands/382.pdbqt;True;-5.9
453;428;ligands/428.pdbqt;True;-6.6
454;498;ligands/498.pdbqt;True;-5.7
455;763;ligands/763.pdbqt;True;-6.1
456;831;ligands/831.pdbqt;True;-6.5
457;800;ligands/800.pdbqt;True;-7.1
458;282;ligands/282.pdbqt;True;-6.9
459;35;ligands/35.pdbqt;True;-6.4
460;448;ligands/448.pdbqt;True;-4.6
461;842;ligands/842.pdbqt;True;-6.2
462;261;ligands/261.pdbqt;True;-6.4
463;525;ligands/525.pdbqt;True;-5.4
464;316;ligands/316.pdbqt;True;-8.7
465;609;ligands/609.pdbqt;True;-5.2
466;582;ligands/582.pdbqt;True;-6.0
467;730;ligands/730.pdbqt;True;-6.6
468;183;ligands/183.pdbqt;True;-5.2
469;140;ligands/140.pdbqt;True;-9.0
470;810;ligands/810.pdbqt;True;-6.9
471;89;ligands/89.pdbqt;True;-6.2
472;650;ligands/650.pdbqt;True;-5.6
473;803;ligands/803.pdbqt;True;-7.3
474;659;ligands/659.pdbqt;False;
475;739;ligands/739.pdbqt;True;-5.7
476;741;ligands/741.pdbqt;False;
477;298;ligands/298.pdbqt;True;-6.1
478;139;ligands/139.pdbqt;True;-6.1
479;253;ligands/253.pdbqt;True;-7.4
480;367;ligands/367.pdbqt;True;-6.5
481;601;ligands/601.pdbqt;True;-5.7
482;99;ligands/99.pdbqt;True;-5.7
483;531;ligands/531.pdbqt;True;-5.7
484;1;ligands/1.pdbqt;True;-4.6
485;375;ligands/375.pdbqt;True;-6.6
486;142;ligands/142.pdbqt;True;-7.8
487;324;ligands/324.pdbqt;True;-5.4
488;801;ligands/801.pdbqt;True;-5.7
489;799;ligands/799.pdbqt;True;-5.8
490;546;ligands/546.pdbqt;True;-5.7
491;792;ligands/792.pdbqt;True;-6.1
492;733;ligands/733.pdbqt;True;-4.3
493;581;ligands/581.pdbqt;True;-6.8
494;637;ligands/637.pdbqt;True;-5.7
495;480;ligands/480.pdbqt;True;-6.7
496;146;ligands/146.pdbqt;True;-6.0
497;634;ligands/634.pdbqt;True;-5.0
498;389;ligands/389.pdbqt;True;-5.8
499;436;ligands/436.pdbqt;True;-5.7
500;383;ligands/383.pdbqt;True;-7.0
501;283;ligands/283.pdbqt;True;-7.3
502;67;ligands/67.pdbqt;True;-7.0
503;743;ligands/743.pdbqt;False;
504;508;ligands/508.pdbqt;True;-4.2
505;129;ligands/129.pdbqt;True;-5.5
506;21;ligands/21.pdbqt;True;-6.0
507;570;ligands/570.pdbqt;True;-5.2
508;300;ligands/300.pdbqt;True;-5.6
509;613;ligands/613.pdbqt;True;-5.9
510;632;ligands/632.pdbqt;True;-5.8
511;344;ligands/344.pdbqt;True;-6.9
512;653;ligands/653.pdbqt;True;-4.9
513;112;ligands/112.pdbqt;True;-7.3
514;196;ligands/196.pdbqt;True;-4.8
515;587;ligands/587.pdbqt;True;-5.7
516;633;ligands/633.pdbqt;True;-5.8
517;376;ligands/376.pdbqt;True;-6.6
518;59;ligands/59.pdbqt;True;-6.5
519;147;ligands/147.pdbqt;True;-7.4
520;336;ligands/336.pdbqt;True;-7.1
521;39;ligands/39.pdbqt;True;-5.7
522;97;ligands/97.pdbqt;False;
523;459;ligands/459.pdbqt;False;
524;676;ligands/676.pdbqt;True;-5.7
525;838;ligands/838.pdbqt;True;-6.4
526;421;ligands/421.pdbqt;True;-5.8
527;725;ligands/725.pdbqt;True;-5.5
528;579;ligands/579.pdbqt;True;-5.3
529;606;ligands/606.pdbqt;True;-5.7
530;422;ligands/422.pdbqt;True;-6.1
531;716;ligands/716.pdbqt;True;-6.5
532;542;ligands/542.pdbqt;True;-6.0
533;694;ligands/694.pdbqt;True;-7.5
534;769;ligands/769.pdbqt;True;-6.1
535;338;ligands/338.pdbqt;True;-4.5
536;102;ligands/102.pdbqt;True;-6.7
537;672;ligands/672.pdbqt;True;-6.6
538;452;ligands/452.pdbqt;True;-5.4
539;825;ligands/825.pdbqt;True;-4.2
540;178;ligands/178.pdbqt;True;-4.7
541;677;ligands/677.pdbqt;True;-6.7
542;510;ligands/510.pdbqt;True;-7.1
543;104;ligands/104.pdbqt;True;-5.7
544;62;ligands/62.pdbqt;True;-5.8
545;533;ligands/533.pdbqt;True;-5.6
546;291;ligands/291.pdbqt;True;-7.5
547;11;ligands/11.pdbqt;True;-7.1
548;515;ligands/515.pdbqt;True;-7.0
549;388;ligands/388.pdbqt;True;-6.4
550;88;ligands/88.pdbqt;True;-5.5
551;504;ligands/504.pdbqt;True;-4.3
552;125;ligands/125.pdbqt;True;-5.9
553;290;ligands/290.pdbqt;True;-4.7
554;311;ligands/311.pdbqt;True;-6.7
555;832;ligands/832.pdbqt;True;-4.2
556;514;ligands/514.pdbqt;True;-7.6
557;208;ligands/208.pdbqt;True;-4.5
558;683;ligands/683.pdbqt;True;-7.5
559;591;ligands/591.pdbqt;True;-6.0
560;458;ligands/458.pdbqt;False;
561;297;ligands/297.pdbqt;True;-4.4
562;164;ligands/164.pdbqt;True;-4.3
563;270;ligands/270.pdbqt;True;-6.0
564;781;ligands/781.pdbqt;False;
565;201;ligands/201.pdbqt;True;-7.3
566;433;ligands/433.pdbqt;True;-6.0
567;225;ligands/225.pdbqt;True;-6.7
568;752;ligands/752.pdbqt;True;-8.0
569;500;ligands/500.pdbqt;True;-6.7
570;780;ligands/780.pdbqt;False;
571;83;ligands/83.pdbqt;True;-7.7
572;13;ligands/13.pdbqt;True;-5.1
573;216;ligands/216.pdbqt;True;-5.3
574;593;ligands/593.pdbqt;True;-7.4
575;529;ligands/529.pdbqt;True;-5.9
576;327;ligands/327.pdbqt;True;-6.8
577;38;ligands/38.pdbqt;True;-6.2
578;286;ligands/286.pdbqt;True;-5.3
579;194;ligands/194.pdbqt;True;-5.3
580;746;ligands/746.pdbqt;True;-9.1
581;222;ligands/222.pdbqt;True;-5.1
582;628;ligands/628.pdbqt;True;-6.8
583;644;ligands/644.pdbqt;True;-7.8
584;755;ligands/755.pdbqt;True;-8.3
585;501;ligands/501.pdbqt;True;-5.6
586;460;ligands/460.pdbqt;False;
587;30;ligands/30.pdbqt;True;-6.3
588;71;ligands/71.pdbqt;True;-7.3
589;472;ligands/472.pdbqt;True;-6.3
590;212;ligands/212.pdbqt;True;-4.7
591;398;ligands/398.pdbqt;True;-5.8
592;158;ligands/158.pdbqt;True;-6.6
593;235;ligands/235.pdbqt;True;-6.0
594;475;ligands/475.pdbqt;True;-7.6
595;240;ligands/240.pdbqt;True;-5.8
596;496;ligands/496.pdbqt;True;-5.7
597;242;ligands/242.pdbqt;True;-5.8
598;434;ligands/434.pdbqt;True;-9.1
599;346;ligands/346.pdbqt;True;-6.4
600;558;ligands/558.pdbqt;True;-6.2
601;455;ligands/455.pdbqt;True;-7.7
602;612;ligands/612.pdbqt;True;-7.3
603;828;ligands/828.pdbqt;True;-6.6
604;513;ligands/513.pdbqt;True;-5.9
605;565;ligands/565.pdbqt;True;-7.0
606;392;ligands/392.pdbqt;False;
607;669;ligands/669.pdbqt;True;-4.6
608;153;ligands/153.pdbqt;True;-6.5
609;288;ligands/288.pdbqt;True;-4.9
610;815;ligands/815.pdbqt;True;-8.9
611;245;ligands/245.pdbqt;True;-5.6
612;138;ligands/138.pdbqt;True;-7.0
613;584;ligands/584.pdbqt;True;-6.7
614;108;ligands/108.pdbqt;True;-5.0
615;154;ligands/154.pdbqt;True;-7.3
616;561;ligands/561.pdbqt;True;-7.4
617;34;ligands/34.pdbqt;True;-6.4
618;552;ligands/552.pdbqt;True;-5.8
619;93;ligands/93.pdbqt;True;-6.4
620;541;ligands/541.pdbqt;True;-5.9
621;70;ligands/70.pdbqt;True;-5.7
622;273;ligands/273.pdbqt;True;-7.8
623;715;ligands/715.pdbqt;True;-4.4
624;404;ligands/404.pdbqt;False;
625;414;ligands/414.pdbqt;True;-7.2
626;361;ligands/361.pdbqt;True;-6.1
627;577;ligands/577.pdbqt;True;-6.6
628;770;ligands/770.pdbqt;True;-5.9
629;524;ligands/524.pdbqt;True;-4.4
630;726;ligands/726.pdbqt;True;-5.7
631;464;ligands/464.pdbqt;True;-6.0
632;731;ligands/731.pdbqt;True;-6.5
633;611;ligands/611.pdbqt;True;-6.6
634;255;ligands/255.pdbqt;True;-8.7
635;186;ligands/186.pdbqt;True;-4.7
636;249;ligands/249.pdbqt;True;-8.8
637;532;ligands/532.pdbqt;True;-5.4
638;557;ligands/557.pdbqt;True;-6.0
639;463;ligands/463.pdbqt;True;-5.7
640;745;ligands/745.pdbqt;True;-5.9
641;310;ligands/310.pdbqt;True;-6.6
642;124;ligands/124.pdbqt;True;-7.2
643;506;ligands/506.pdbqt;True;-4.9
644;540;ligands/540.pdbqt;True;-5.7
645;364;ligands/364.pdbqt;True;-7.1
646;728;ligands/728.pdbqt;True;-7.6
647;555;ligands/555.pdbqt;True;-4.8
648;135;ligands/135.pdbqt;True;-5.1
649;790;ligands/790.pdbqt;True;-7.5
650;103;ligands/103.pdbqt;True;-7.6
651;227;ligands/227.pdbqt;True;-6.3
652;406;ligands/406.pdbqt;True;-5.3
653;328;ligands/328.pdbqt;True;-6.6
654;720;ligands/720.pdbqt;True;-7.7
655;771;ligands/771.pdbqt;True;-6.1
656;101;ligands/101.pdbqt;True;-6.6
657;809;ligands/809.pdbqt;True;-7.1
658;285;ligands/285.pdbqt;True;-6.9
659;144;ligands/144.pdbqt;True;-6.8
660;607;ligands/607.pdbqt;True;-4.7
661;779;ligands/779.pdbqt;False;
662;96;ligands/96.pdbqt;True;-7.0
663;378;ligands/378.pdbqt;True;-6.0
664;321;ligands/321.pdbqt;True;-6.5
665;600;ligands/600.pdbqt;True;-7.3
666;179;ligands/179.pdbqt;True;-7.5
667;430;ligands/430.pdbqt;True;-6.3
668;121;ligands/121.pdbqt;True;-4.5
669;753;ligands/753.pdbqt;True;-6.5
670;387;ligands/387.pdbqt;True;-6.9
671;851;ligands/851.pdbqt;True;-7.7
672;173;ligands/173.pdbqt;True;-7.1
673;356;ligands/356.pdbqt;True;-5.1
674;363;ligands/363.pdbqt;True;-5.9
675;19;ligands/19.pdbqt;False;
676;722;ligands/722.pdbqt;True;-4.6
677;272;ligands/272.pdbqt;True;-6.5
678;284;ligands/284.pdbqt;True;-6.9
679;214;ligands/214.pdbqt;True;-5.4
680;636;ligands/636.pdbqt;True;-5.7
681;486;ligands/486.pdbqt;True;-6.2
682;654;ligands/654.pdbqt;True;-5.7
683;641;ligands/641.pdbqt;True;-5.9
684;614;ligands/614.pdbqt;True;-5.4
685;98;ligands/98.pdbqt;True;-6.8
686;393;ligands/393.pdbqt;True;-6.0
687;91;ligands/91.pdbqt;True;-6.7
688;171;ligands/171.pdbqt;True;-6.4
689;608;ligands/608.pdbqt;True;-5.7
690;211;ligands/211.pdbqt;True;-4.1
691;804;ligands/804.pdbqt;False;
692;712;ligands/712.pdbqt;True;-8.7
693;350;ligands/350.pdbqt;True;-5.1
694;709;ligands/709.pdbqt;True;-6.0
695;812;ligands/812.pdbqt;True;-5.0
696;371;ligands/371.pdbqt;True;-5.8
697;280;ligands/280.pdbqt;True;-5.9
698;281;ligands/281.pdbqt;True;-5.7
699;3;ligands/3.pdbqt;True;-4.9
700;738;ligands/738.pdbqt;True;-6.3
701;846;ligands/846.pdbqt;True;-8.5
702;309;ligands/309.pdbqt;True;-6.7
703;415;ligands/415.pdbqt;False;
704;26;ligands/26.pdbqt;True;-5.7
705;342;ligands/342.pdbqt;True;-5.9
706;107;ligands/107.pdbqt;True;-5.0
707;76;ligands/76.pdbqt;True;-7.7
708;148;ligands/148.pdbqt;True;-5.6
709;55;ligands/55.pdbqt;True;-6.7
710;823;ligands/823.pdbqt;True;-8.4
711;17;ligands/17.pdbqt;True;-6.4
712;408;ligands/408.pdbqt;True;-6.2
713;117;ligands/117.pdbqt;True;-7.4
714;446;ligands/446.pdbqt;True;-3.8
715;264;ligands/264.pdbqt;True;-7.1
716;341;ligands/341.pdbqt;True;-5.2
717;219;ligands/219.pdbqt;True;-5.8
718;193;ligands/193.pdbqt;True;-5.6
719;597;ligands/597.pdbqt;True;-4.7
720;487;ligands/487.pdbqt;True;-7.1
721;777;ligands/777.pdbqt;True;-4.7
722;794;ligands/794.pdbqt;True;-5.4
723;490;ligands/490.pdbqt;True;-8.7
724;547;ligands/547.pdbqt;True;-6.5
725;352;ligands/352.pdbqt;True;-5.9
726;571;ligands/571.pdbqt;True;-6.7
727;646;ligands/646.pdbqt;True;-5.8
728;674;ligands/674.pdbqt;True;-6.7
729;536;ligands/536.pdbqt;False;
730;666;ligands/666.pdbqt;True;-5.6
731;757;ligands/757.pdbqt;True;-7.0
732;205;ligands/205.pdbqt;True;-6.1
733;617;ligands/617.pdbqt;True;-6.5
734;530;ligands/530.pdbqt;True;-7.3
735;836;ligands/836.pdbqt;True;-6.9
736;444;ligands/444.pdbqt;True;-5.8
737;462;ligands/462.pdbqt;True;-6.2
738;180;ligands/180.pdbqt;True;-6.6
739;199;ligands/199.pdbqt;True;-5.7
740;176;ligands/176.pdbqt;True;-6.5
741;824;ligands/824.pdbqt;True;-5.5
742;596;ligands/596.pdbqt;True;-8.9
743;90;ligands/90.pdbqt;True;-6.5
744;449;ligands/449.pdbqt;True;-6.6
745;548;ligands/548.pdbqt;True;-5.8
746;257;ligands/257.pdbqt;True;-7.7
747;423;ligands/423.pdbqt;True;-5.3
748;802;ligands/802.pdbqt;True;-8.0
749;623;ligands/623.pdbqt;True;-9.8
750;174;ligands/174.pdbqt;True;-4.9
751;287;ligands/287.pdbqt;True;-5.3
752;560;ligands/560.pdbqt;True;-4.8
753;43;ligands/43.pdbqt;True;-6.4
754;848;ligands/848.pdbqt;True;-5.4
755;403;ligands/403.pdbqt;False;
756;232;ligands/232.pdbqt;True;-7.3
757;307;ligands/307.pdbqt;True;-7.1
758;334;ligands/334.pdbqt;True;-5.9
759;742;ligands/742.pdbqt;False;
760;407;ligands/407.pdbqt;True;-5.8
761;57;ligands/57.pdbqt;True;-6.7
762;100;ligands/100.pdbqt;True;-6.3
763;711;ligands/711.pdbqt;True;-5.1
764;390;ligands/390.pdbqt;True;-5.5
765;589;ligands/589.pdbqt;True;-6.7
766;226;ligands/226.pdbqt;True;-6.3
767;289;ligands/289.pdbqt;True;-6.4
768;703;ligands/703.pdbqt;False;
769;488;ligands/488.pdbqt;True;-5.4
770;550;ligands/550.pdbqt;True;-6.1
771;574;ligands/574.pdbqt;True;-5.7
772;630;ligands/630.pdbqt;False;
773;671;ligands/671.pdbqt;True;-6.1
774;807;ligands/807.pdbqt;True;-6.0
775;136;ligands/136.pdbqt;True;-5.6
776;727;ligands/727.pdbqt;True;-6.4
777;796;ligands/796.pdbqt;False;
778;195;ligands/195.pdbqt;True;-8.0
779;73;ligands/73.pdbqt;True;-5.5
780;114;ligands/114.pdbqt;True;-6.7
781;599;ligands/599.pdbqt;True;-5.8
782;749;ligands/749.pdbqt;True;-7.1
783;667;ligands/667.pdbqt;False;
784;527;ligands/527.pdbqt;True;-6.5
785;92;ligands/92.pdbqt;True;-5.4
786;177;ligands/177.pdbqt;True;-5.7
787;785;ligands/785.pdbqt;False;
788;386;ligands/386.pdbqt;True;-5.7
789;710;ligands/710.pdbqt;True;-7.1
790;744;ligands/744.pdbqt;True;-6.5
791;489;ligands/489.pdbqt;True;-6.6
792;274;ligands/274.pdbqt;True;-6.5
793;588;ligands/588.pdbqt;True;-4.5
794;351;ligands/351.pdbqt;True;-6.0
795;786;ligands/786.pdbqt;True;-5.9
796;782;ligands/782.pdbqt;True;-5.6
797;82;ligands/82.pdbqt;True;-7.3
798;618;ligands/618.pdbqt;True;-9.2
799;315;ligands/315.pdbqt;True;-7.4
800;210;ligands/210.pdbqt;True;-7.7
801;826;ligands/826.pdbqt;True;-7.3
802;453;ligands/453.pdbqt;True;-4.6
803;701;ligands/701.pdbqt;True;-6.1
804;521;ligands/521.pdbqt;True;-4.7
805;359;ligands/359.pdbqt;True;-5.4
806;4;ligands/4.pdbqt;True;-7.3
807;528;ligands/528.pdbqt;True;-6.0
808;271;ligands/271.pdbqt;True;-7.9
809;761;ligands/761.pdbqt;True;-6.2
810;325;ligands/325.pdbqt;True;-6.8
811;481;ligands/481.pdbqt;False;
812;68;ligands/68.pdbqt;True;-6.8
813;660;ligands/660.pdbqt;True;-6.2
814;122;ligands/122.pdbqt;True;-5.5
815;87;ligands/87.pdbqt;True;-5.8
816;40;ligands/40.pdbqt;True;-6.0
817;774;ligands/774.pdbqt;True;-7.9
818;85;ligands/85.pdbqt;True;-4.9
819;50;ligands/50.pdbqt;True;-4.7
820;451;ligands/451.pdbqt;True;-4.1
821;834;ligands/834.pdbqt;True;-6.1
822;143;ligands/143.pdbqt;True;-5.3
823;329;ligands/329.pdbqt;True;-5.6
824;821;ligands/821.pdbqt;True;-6.4
825;244;ligands/244.pdbqt;True;-4.9
826;640;ligands/640.pdbqt;True;-6.5
827;797;ligands/797.pdbqt;True;-6.1
828;66;ligands/66.pdbqt;True;-5.0
829;765;ligands/765.pdbqt;True;-7.9
830;691;ligands/691.pdbqt;True;-5.7
831;681;ligands/681.pdbqt;True;-6.7
832;220;ligands/220.pdbqt;True;-6.0
833;629;ligands/629.pdbqt;True;-5.4
834;655;ligands/655.pdbqt;True;-6.1
835;22;ligands/22.pdbqt;True;-5.0
836;575;ligands/575.pdbqt;True;-5.3
837;306;ligands/306.pdbqt;False;
838;793;ligands/793.pdbqt;True;-7.1
839;685;ligands/685.pdbqt;True;-6.2
840;37;ligands/37.pdbqt;True;-5.7
841;473;ligands/473.pdbqt;True;-4.9
842;16;ligands/16.pdbqt;True;-5.7
843;246;ligands/246.pdbqt;True;-4.4
844;156;ligands/156.pdbqt;True;-5.2
845;576;ligands/576.pdbqt;True;-7.0
846;718;ligands/718.pdbqt;True;-5.9
847;347;ligands/347.pdbqt;True;-5.8
848;265;ligands/265.pdbqt;True;-6.6
849;20;ligands/20.pdbqt;True;-7.6
850;411;ligands/411.pdbqt;True;-5.6
